{"cameraMode":{"drawMode":0,"name":"Shaded","section":"Shading Mode"},"sceneLighting":true,"audioPlay":false,"sceneViewState":{"m_AlwaysRefresh":false,"showFog":true,"showSkybox":true,"showFlares":true,"showImageEffects":true,"showParticleSystems":true,"showVisualEffectGraphs":true,"m_FxEnabled":true},"in2DMode":false,"pivot":{"x":-243.19207763671876,"y":78.47711944580078,"z":58.395545959472659},"rotation":{"x":-0.014026237651705742,"y":-0.8291751146316528,"z":-0.02092335745692253,"w":0.5585343241691589},"size":2.660372018814087,"orthographic":false}